2003;2004;2005;2006;2007;2008;2009;2010;2011;2012;2013;2014;2015;2016;2017
Albanien;Ärztedichte je 10 000 Einwohner;Anzahl;-;-;-;-;-;.;11;13;12;13;13;.;...;...;...
Albanien;Krankenhausbetten je 10 000 Einwohner;Anzahl;31;30;31;31;31;.;30;30;26;29;29;.;...;...;...
Albanien;Gestorbene Säuglinge je 1000 Lebendgeborene;Anzahl;18;17;15;14;13;12;12;11;10;10;9;9;8;8;8
Andorra;Ärztedichte je 10 000 Einwohner;Anzahl;33;-;-;-;-;.;31;40;.;.;.;.;37;...;...
Andorra;Krankenhausbetten je 10 000 Einwohner;Anzahl;-;-;-;-;26;.;25;.;.;.;.;.;...;...;...
Andorra;Gestorbene Säuglinge je 1000 Lebendgeborene;Anzahl;4;4;4;4;4;4;4;4;4;4;4;4;3;3;3
Belgien;Ärztedichte je 10 000 Einwohner;Anzahl;-;-;20;21;-;.;.;29;29;29;30;30;30;...;...
Belgien;Krankenhausbetten je 10 000 Einwohner;Anzahl;75;75;74;67;66;66;65;65;64;63;63;62;...;...;...
Belgien;Gestorbene Säuglinge je 1000 Lebendgeborene;Anzahl;4;4;4;4;4;4;4;4;4;4;3;3;3;3;3
Bosnien und Herzegowina;Ärztedichte je 10 000 Einwohner;Anzahl;-;-;-;-;-;.;16;17;18;18;19;.;...;...;...
Bosnien und Herzegowina;Krankenhausbetten je 10 000 Einwohner;Anzahl;32;31;31;33;34;34;33;34;35;35;35;.;...;...;...
Bosnien und Herzegowina;Gestorbene Säuglinge je 1000 Lebendgeborene;Anzahl;8;8;8;8;7;7;6;6;6;6;6;5;5;5;5
Bulgarien;Ärztedichte je 10 000 Einwohner;Anzahl;-;-;-;-;-;.;.;38;39;39;40;40;...;...;...
Bulgarien;Krankenhausbetten je 10 000 Einwohner;Anzahl;63;61;64;62;64;65;66;65;64;66;68;.;...;...;...
Bulgarien;Gestorbene Säuglinge je 1000 Lebendgeborene;Anzahl;12;12;11;10;10;10;9;9;9;8;8;7;7;7;6
Dänemark;Ärztedichte je 10 000 Einwohner;Anzahl;30;30;32;-;-;34;34;36;36;37;36;37;...;...;...
Dänemark;Krankenhausbetten je 10 000 Einwohner;Anzahl;41;40;39;38;37;36;35;35;31;.;31;.;25;...;...
Dänemark;Gestorbene Säuglinge je 1000 Lebendgeborene;Anzahl;4;4;4;4;4;4;4;4;4;4;4;4;4;4;4
Deutschland;Ärztedichte je 10 000 Einwohner;Anzahl;34;-;-;-;-;.;.;38;39;39;40;41;42;...;...
Deutschland;Krankenhausbetten je 10 000 Einwohner;Anzahl;87;86;85;83;82;82;82;82;82;82;83;.;...;...;...
Deutschland;Gestorbene Säuglinge je 1000 Lebendgeborene;Anzahl;4;4;4;4;4;4;4;4;3;3;3;3;3;3;3
Estland;Ärztedichte je 10 000 Einwohner;Anzahl;-;-;-;-;-;.;.;32;33;33;33;33;34;...;...
Estland;Krankenhausbetten je 10 000 Einwohner;Anzahl;57;57;54;56;55;56;53;52;53;55;50;.;50;...;...
Estland;Gestorbene Säuglinge je 1000 Lebendgeborene;Anzahl;7;6;6;5;5;4;4;4;3;3;3;3;2;2;2
Finnland;Ärztedichte je 10 000 Einwohner;Anzahl;-;-;-;-;-;.;29;30;30;31;31;32;...;...;...
Finnland;Krankenhausbetten je 10 000 Einwohner;Anzahl;72;71;71;70;67;66;63;59;55;53;49;.;44;...;...
Finnland;Gestorbene Säuglinge je 1000 Lebendgeborene;Anzahl;3;3;3;3;3;3;3;2;2;2;2;2;2;2;2
Frankreich;Ärztedichte je 10 000 Einwohner;Anzahl;-;-;-;-;37;.;.;.;32;32;32;32;32;32;...
Frankreich;Krankenhausbetten je 10 000 Einwohner;Anzahl;78;76;75;73;73;71;69;66;66;65;65;.;...;...;...
Frankreich;Gestorbene Säuglinge je 1000 Lebendgeborene;Anzahl;4;4;4;4;4;4;4;4;4;3;3;3;4;4;4
Griechenland;Ärztedichte je 10 000 Einwohner;Anzahl;-;-;-;-;-;.;.;62;62;62;62;63;...;...;...
Griechenland;Krankenhausbetten je 10 000 Einwohner;Anzahl;47;47;47;48;48;48;48;48;45;44;.;.;43;...;...
Griechenland;Gestorbene Säuglinge je 1000 Lebendgeborene;Anzahl;4;4;4;4;3;3;3;3;3;3;4;4;4;4;4
Irland;Ärztedichte je 10 000 Einwohner;Anzahl;-;28;-;-;-;.;.;.;26;27;26;28;29;30;...
Irland;Krankenhausbetten je 10 000 Einwohner;Anzahl;57;57;55;53;52;49;32;30;29;28;28;.;...;...;...
Irland;Gestorbene Säuglinge je 1000 Lebendgeborene;Anzahl;5;5;4;4;4;4;4;4;3;3;3;3;3;3;3
Island;Ärztedichte je 10 000 Einwohner;Anzahl;36;36;36;36;37;37;37;36;35;35;36;36;38;...;...
Island;Krankenhausbetten je 10 000 Einwohner;Anzahl;-;-;-;-;42;39;37;36;33;33;32;32;...;...;...
Island;Gestorbene Säuglinge je 1000 Lebendgeborene;Anzahl;3;3;2;2;2;2;2;2;2;2;2;2;2;2;2
Italien;Ärztedichte je 10 000 Einwohner;Anzahl;-;42;-;-;-;.;.;.;.;39;39;39;39;40;...
Italien;Krankenhausbetten je 10 000 Einwohner;Anzahl;42;40;40;39;38;37;36;36;35;34;.;.;...;...;...
Italien;Gestorbene Säuglinge je 1000 Lebendgeborene;Anzahl;4;4;4;4;4;4;3;3;3;3;3;3;3;3;3
Kroatien;Ärztedichte je 10 000 Einwohner;Anzahl;-;-;-;-;-;.;.;29;29;30;30;31;...;...;...
Kroatien;Krankenhausbetten je 10 000 Einwohner;Anzahl;56;55;55;55;55;55;54;56;57;59;59;.;56;...;...
Kroatien;Gestorbene Säuglinge je 1000 Lebendgeborene;Anzahl;6;6;6;6;5;5;5;5;4;4;4;4;4;4;4
Lettland;Ärztedichte je 10 000 Einwohner;Anzahl;34;36;37;38;37;39;38;31;31;31;32;32;32;...;...
Lettland;Krankenhausbetten je 10 000 Einwohner;Anzahl;80;79;79;78;78;78;67;57;59;59;58;.;...;...;...
Lettland;Gestorbene Säuglinge je 1000 Lebendgeborene;Anzahl;10;9;9;8;8;7;7;7;6;6;5;5;4;4;4
Liechtenstein;Ärztedichte je 10 000 Einwohner;Anzahl;-;.;.;.;.;.;.;.;.;.;.;.;...;...;...
Liechtenstein;Krankenhausbetten je 10 000 Einwohner;Anzahl;-;.;.;.;.;.;.;.;.;.;.;.;...;...;...
Liechtenstein;Gestorbene Säuglinge je 1000 Lebendgeborene;Anzahl;-;.;.;.;.;.;.;.;.;.;.;.;...;...;...
Litauen;Ärztedichte je 10 000 Einwohner;Anzahl;-;-;-;-;-;.;.;39;40;42;43;43;44;...;...
Litauen;Krankenhausbetten je 10 000 Einwohner;Anzahl;79;76;73;71;72;72;72;72;74;74;73;.;...;...;...
Litauen;Gestorbene Säuglinge je 1000 Lebendgeborene;Anzahl;8;7;7;7;6;6;5;5;4;4;4;4;4;4;3
Luxemburg;Ärztedichte je 10 000 Einwohner;Anzahl;-;-;-;-;-;.;.;28;27;28;28;29;29;29;...
Luxemburg;Krankenhausbetten je 10 000 Einwohner;Anzahl;-;64;58;57;57;56;55;54;53;52;51;49;48;...;...
Luxemburg;Gestorbene Säuglinge je 1000 Lebendgeborene;Anzahl;3;3;3;3;3;3;2;2;2;2;2;2;2;2;2
Malta;Ärztedichte je 10 000 Einwohner;Anzahl;-;-;-;-;-;.;31;31;32;33;35;37;39;...;...
Malta;Krankenhausbetten je 10 000 Einwohner;Anzahl;74;75;74;76;78;74;48;45;44;47;48;47;...;...;...
Malta;Gestorbene Säuglinge je 1000 Lebendgeborene;Anzahl;6;6;6;6;6;6;6;6;6;6;6;6;6;6;6
Nordmazedonien;Ärztedichte je 10 000 Einwohner;Anzahl;-;-;-;-;-;.;.;.;.;.;.;.;...;...;...
Nordmazedonien;Krankenhausbetten je 10 000 Einwohner;Anzahl;-;-;-;-;-;.;.;.;.;.;.;.;...;...;...
Nordmazedonien;Gestorbene Säuglinge je 1000 Lebendgeborene;Anzahl;13;12;12;12;11;10;10;9;9;9;10;10;11;11;12
Moldau, Republik;Ärztedichte je 10 000 Einwohner;Anzahl;-;-;-;-;-;.;.;24;25;25;26;25;32;...;...
Moldau, Republik;Krankenhausbetten je 10 000 Einwohner;Anzahl;67;64;64;63;61;61;62;62;62;62;58;.;...;...;...
Moldau, Republik;Gestorbene Säuglinge je 1000 Lebendgeborene;Anzahl;20;18;17;16;16;15;15;15;15;14;14;14;14;14;13
Monaco;Ärztedichte je 10 000 Einwohner;Anzahl;-;-;-;-;-;.;.;.;67;68;67;66;...;...;...
Monaco;Krankenhausbetten je 10 000 Einwohner;Anzahl;-;-;-;-;-;.;.;.;.;.;.;.;...;...;...
Monaco;Gestorbene Säuglinge je 1000 Lebendgeborene;Anzahl;4;4;4;4;4;3;3;3;3;3;3;3;3;3;3
Montenegro (ab 03.06.2006);Ärztedichte je 10 000 Einwohner;Anzahl;-;-;-;-;-;.;21;20;20;20;21;22;23;...;...
Montenegro (ab 03.06.2006);Krankenhausbetten je 10 000 Einwohner;Anzahl;42;42;42;41;40;39;39;40;40;40;.;.;...;...;...
Montenegro (ab 03.06.2006);Gestorbene Säuglinge je 1000 Lebendgeborene;Anzahl;11;10;10;9;8;8;7;6;6;5;5;4;4;4;3
Niederlande;Ärztedichte je 10 000 Einwohner;Anzahl;31;-;-;-;-;.;.;30;31;33;33;34;35;...;...
Niederlande;Krankenhausbetten je 10 000 Einwohner;Anzahl;45;45;45;48;47;47;47;.;.;.;.;.;...;...;...
Niederlande;Gestorbene Säuglinge je 1000 Lebendgeborene;Anzahl;5;5;4;4;4;4;4;4;4;4;4;4;3;3;3
Norwegen;Ärztedichte je 10 000 Einwohner;Anzahl;-;-;-;-;-;.;41;41;42;42;43;44;44;...;...
Norwegen;Krankenhausbetten je 10 000 Einwohner;Anzahl;50;52;52;50;49;46;45;43;42;40;39;.;...;...;...
Norwegen;Gestorbene Säuglinge je 1000 Lebendgeborene;Anzahl;4;3;3;3;3;3;3;3;2;2;2;2;2;2;2
Österreich;Ärztedichte je 10 000 Einwohner;Anzahl;34;-;-;-;-;.;.;48;48;49;50;51;52;52;...
Österreich;Krankenhausbetten je 10 000 Einwohner;Anzahl;77;77;77;77;78;77;77;77;77;77;76;.;...;...;...
Österreich;Gestorbene Säuglinge je 1000 Lebendgeborene;Anzahl;4;4;4;4;4;4;4;4;4;3;3;3;3;3;3
Polen;Ärztedichte je 10 000 Einwohner;Anzahl;25;-;-;-;-;.;.;22;22;22;22;23;23;...;...
Polen;Krankenhausbetten je 10 000 Einwohner;Anzahl;67;67;65;65;64;66;67;65;65;65;65;.;...;...;...
Polen;Gestorbene Säuglinge je 1000 Lebendgeborene;Anzahl;7;7;7;6;6;6;5;5;5;5;4;4;4;4;4
Portugal;Ärztedichte je 10 000 Einwohner;Anzahl;33;34;34;35;36;37;38;38;40;41;43;44;...;...;...
Portugal;Krankenhausbetten je 10 000 Einwohner;Anzahl;36;36;36;35;34;34;34;34;34;34;34;.;...;...;...
Portugal;Gestorbene Säuglinge je 1000 Lebendgeborene;Anzahl;4;4;4;3;3;3;3;3;3;3;3;3;3;3;3
Rumänien;Ärztedichte je 10 000 Einwohner;Anzahl;-;-;-;-;-;.;.;25;25;26;27;.;...;...;...
Rumänien;Krankenhausbetten je 10 000 Einwohner;Anzahl;67;67;68;67;65;66;66;63;61;62;63;.;...;...;...
Rumänien;Gestorbene Säuglinge je 1000 Lebendgeborene;Anzahl;17;16;15;14;12;11;10;10;10;9;9;8;8;7;7
Russische Föderation;Ärztedichte je 10 000 Einwohner;Anzahl;-;-;-;-;-;.;.;50;42;40;40;42;40;...;...
Russische Föderation;Krankenhausbetten je 10 000 Einwohner;Anzahl;105;99;97;97;95;92;90;88;86;84;82;.;...;...;...
Russische Föderation;Gestorbene Säuglinge je 1000 Lebendgeborene;Anzahl;14;13;12;11;10;10;9;9;9;8;8;8;7;7;6
San Marino;Ärztedichte je 10 000 Einwohner;Anzahl;-;-;-;-;-;.;.;.;50;53;52;64;...;...;...
San Marino;Krankenhausbetten je 10 000 Einwohner;Anzahl;-;-;-;-;-;.;.;.;.;.;.;.;...;...;...
San Marino;Gestorbene Säuglinge je 1000 Lebendgeborene;Anzahl;4;4;4;4;4;3;3;3;3;3;2;2;2;2;2
Schweden;Ärztedichte je 10 000 Einwohner;Anzahl;-;-;-;-;32;.;.;39;40;40;41;42;...;...;...
Schweden;Krankenhausbetten je 10 000 Einwohner;Anzahl;31;30;29;29;29;28;28;27;27;26;26;.;...;...;...
Schweden;Gestorbene Säuglinge je 1000 Lebendgeborene;Anzahl;3;3;3;3;3;3;3;2;2;2;2;2;2;2;2
Schweiz;Ärztedichte je 10 000 Einwohner;Anzahl;-;-;-;-;-;.;.;38;38;39;40;41;42;42;...
Schweiz;Krankenhausbetten je 10 000 Einwohner;Anzahl;58;57;55;54;54;52;51;50;49;48;47;.;...;...;...
Schweiz;Gestorbene Säuglinge je 1000 Lebendgeborene;Anzahl;4;4;4;4;4;4;4;4;4;4;4;4;4;4;4
Serbien (einschl. Kosovo) (03.06.2006-16.02.2008);Ärztedichte je 10 000 Einwohner;Anzahl;-;-;-;-;-;.;23;25;25;25;25;25;...;...;...
Serbien (einschl. Kosovo) (03.06.2006-16.02.2008);Krankenhausbetten je 10 000 Einwohner;Anzahl;-;-;-;57;55;55;55;56;56;57;.;.;...;...;...
Serbien (einschl. Kosovo) (03.06.2006-16.02.2008);Gestorbene Säuglinge je 1000 Lebendgeborene;Anzahl;9;8;8;7;7;7;7;7;6;6;6;6;6;5;5
Slowakei;Ärztedichte je 10 000 Einwohner;Anzahl;32;-;-;-;30;.;33;34;33;33;34;.;34;...;...
Slowakei;Krankenhausbetten je 10 000 Einwohner;Anzahl;72;69;68;67;68;66;65;64;61;59;58;.;58;...;...
Slowakei;Gestorbene Säuglinge je 1000 Lebendgeborene;Anzahl;7;7;7;7;6;6;6;6;6;6;5;5;5;5;5
Slowenien;Ärztedichte je 10 000 Einwohner;Anzahl;-;-;-;-;-;.;.;24;25;25;26;28;28;...;...
Slowenien;Krankenhausbetten je 10 000 Einwohner;Anzahl;50;48;48;48;47;47;46;46;46;45;46;.;...;...;...
Slowenien;Gestorbene Säuglinge je 1000 Lebendgeborene;Anzahl;4;4;4;3;3;3;3;3;2;2;2;2;2;2;2
Spanien;Ärztedichte je 10 000 Einwohner;Anzahl;45;45;45;46;46;47;47;38;38;38;38;38;39;...;...
Spanien;Krankenhausbetten je 10 000 Einwohner;Anzahl;35;34;34;33;33;32;32;32;31;30;30;.;...;...;...
Spanien;Gestorbene Säuglinge je 1000 Lebendgeborene;Anzahl;4;4;4;4;4;3;3;3;3;3;3;3;3;3;3
Tschechien;Ärztedichte je 10 000 Einwohner;Anzahl;35;-;-;-;-;.;.;36;36;37;37;.;...;...;...
Tschechien;Krankenhausbetten je 10 000 Einwohner;Anzahl;77;76;76;74;73;72;71;70;68;67;65;.;65;...;...
Tschechien;Gestorbene Säuglinge je 1000 Lebendgeborene;Anzahl;4;4;4;3;3;3;3;3;3;2;2;2;2;3;3
Türkei;Ärztedichte je 10 000 Einwohner;Anzahl;14;14;15;15;16;16;17;17;17;17;18;17;...;...;...
Türkei;Krankenhausbetten je 10 000 Einwohner;Anzahl;22;22;23;23;23;23;24;25;25;27;27;.;...;...;...
Türkei;Gestorbene Säuglinge je 1000 Lebendgeborene;Anzahl;26;25;23;22;20;19;18;16;15;14;13;12;12;11;10
Ukraine;Ärztedichte je 10 000 Einwohner;Anzahl;-;-;-;-;-;.;.;35;35;35;35;30;...;...;...
Ukraine;Krankenhausbetten je 10 000 Einwohner;Anzahl;88;87;87;87;87;87;94;94;90;89;88;.;...;...;...
Ukraine;Gestorbene Säuglinge je 1000 Lebendgeborene;Anzahl;14;13;12;12;12;11;11;10;10;9;9;8;8;8;8
Ungarn;Ärztedichte je 10 000 Einwohner;Anzahl;38;38;32;35;32;36;35;29;30;31;32;33;31;...;...
Ungarn;Krankenhausbetten je 10 000 Einwohner;Anzahl;79;79;79;80;72;71;71;72;72;70;70;.;...;...;...
Ungarn;Gestorbene Säuglinge je 1000 Lebendgeborene;Anzahl;7;7;6;6;6;6;5;5;5;5;5;4;4;4;4
Vatikanstadt;Ärztedichte je 10 000 Einwohner;Anzahl;-;.;.;.;.;.;.;.;.;.;...;...;-;-;-
Vatikanstadt;Krankenhausbetten je 10 000 Einwohner;Anzahl;-;.;.;.;.;.;.;.;.;.;...;...;-;-;-
Vatikanstadt;Gestorbene Säuglinge je 1000 Lebendgeborene;Anzahl;-;.;.;.;.;.;.;.;.;.;...;...;-;-;-
Vereinigtes Königreich;Ärztedichte je 10 000 Einwohner;Anzahl;-;-;-;-;-;.;.;27;27;28;28;28;28;28;...
Vereinigtes Königreich;Krankenhausbetten je 10 000 Einwohner;Anzahl;40;39;37;36;34;34;33;30;29;28;28;.;...;...;...
Vereinigtes Königreich;Gestorbene Säuglinge je 1000 Lebendgeborene;Anzahl;5;5;5;5;5;5;5;4;4;4;4;4;4;4;4
Weißrussland;Ärztedichte je 10 000 Einwohner;Anzahl;-;-;-;-;-;.;37;35;38;39;39;41;...;...;...
Weißrussland;Krankenhausbetten je 10 000 Einwohner;Anzahl;113;107;111;112;112;111;111;115;113;113;110;.;...;...;...
Weißrussland;Gestorbene Säuglinge je 1000 Lebendgeborene;Anzahl;8;7;6;6;6;5;5;4;4;4;3;3;3;3;3
Zypern;Ärztedichte je 10 000 Einwohner;Anzahl;-;-;-;-;20;21;21;22;23;23;24;25;...;...;...
Zypern;Krankenhausbetten je 10 000 Einwohner;Anzahl;43;42;38;38;38;38;37;35;35;35;34;.;...;...;...
Zypern;Gestorbene Säuglinge je 1000 Lebendgeborene;Anzahl;5;4;4;4;4;3;3;3;3;3;2;2;2;2;2
Ägypten;Ärztedichte je 10 000 Einwohner;Anzahl;5;-;24;-;26;.;28;.;.;.;.;8;...;...;...
Ägypten;Krankenhausbetten je 10 000 Einwohner;Anzahl;22;22;22;22;21;21;17;17;5;5;5;16;...;...;...
Ägypten;Gestorbene Säuglinge je 1000 Lebendgeborene;Anzahl;32;31;30;28;27;26;25;24;23;22;22;21;20;19;19
Algerien;Ärztedichte je 10 000 Einwohner;Anzahl;-;-;10;-;12;.;.;.;.;.;.;.;...;...;...
Algerien;Krankenhausbetten je 10 000 Einwohner;Anzahl;-;17;-;-;-;.;.;.;.;.;.;.;19;...;...
Algerien;Gestorbene Säuglinge je 1000 Lebendgeborene;Anzahl;31;30;29;28;26;25;24;24;23;22;22;22;21;21;21
Angola;Ärztedichte je 10 000 Einwohner;Anzahl;-;1;-;-;-;.;1;.;.;.;.;.;...;...;...
Angola;Krankenhausbetten je 10 000 Einwohner;Anzahl;-;-;8;-;-;.;.;.;.;.;.;.;...;...;...
Angola;Gestorbene Säuglinge je 1000 Lebendgeborene;Anzahl;111;107;102;97;92;86;81;76;72;68;64;61;58;56;54
Äquatorialguinea;Ärztedichte je 10 000 Einwohner;Anzahl;-;3;-;-;-;.;.;.;.;.;.;.;...;...;...
Äquatorialguinea;Krankenhausbetten je 10 000 Einwohner;Anzahl;-;-;-;-;-;.;19;21;.;.;.;.;...;...;...
Äquatorialguinea;Gestorbene Säuglinge je 1000 Lebendgeborene;Anzahl;100;97;94;91;88;86;83;80;78;76;74;72;69;67;65
Äthiopien;Ärztedichte je 10 000 Einwohner;Anzahl;0;0;0;0;0;0;0;.;.;.;.;.;...;...;...
Äthiopien;Krankenhausbetten je 10 000 Einwohner;Anzahl;-;-;-;-;-;2;.;.;63;.;.;.;3;...;...
Äthiopien;Gestorbene Säuglinge je 1000 Lebendgeborene;Anzahl;78;74;71;67;64;61;58;55;53;50;48;46;44;42;41
Benin;Ärztedichte je 10 000 Einwohner;Anzahl;-;0;-;-;-;1;.;.;.;2;1;.;...;2;...
Benin;Krankenhausbetten je 10 000 Einwohner;Anzahl;-;-;5;-;-;.;.;5;.;.;.;.;...;...;...
Benin;Gestorbene Säuglinge je 1000 Lebendgeborene;Anzahl;82;80;78;76;75;74;73;72;71;70;69;68;67;65;64
Botsuana;Ärztedichte je 10 000 Einwohner;Anzahl;3;4;2;3;-;3;3;.;.;4;.;.;...;...;...
Botsuana;Krankenhausbetten je 10 000 Einwohner;Anzahl;-;-;-;-;-;18;.;18;.;.;.;.;...;...;...
Botsuana;Gestorbene Säuglinge je 1000 Lebendgeborene;Anzahl;47;46;42;41;42;42;40;38;39;37;35;34;33;32;31
Burkina Faso;Ärztedichte je 10 000 Einwohner;Anzahl;-;1;-;0;-;0;0;0;0;0;.;.;...;...;...
Burkina Faso;Krankenhausbetten je 10 000 Einwohner;Anzahl;-;-;-;9;-;.;.;4;.;.;.;.;...;...;...
Burkina Faso;Gestorbene Säuglinge je 1000 Lebendgeborene;Anzahl;86;84;81;78;75;72;69;66;63;61;58;56;54;53;51
Burundi;Ärztedichte je 10 000 Einwohner;Anzahl;-;0;-;-;-;.;.;.;.;.;.;.;...;...;...
Burundi;Krankenhausbetten je 10 000 Einwohner;Anzahl;-;-;-;7;-;.;.;.;19;.;.;8;...;...;...
Burundi;Gestorbene Säuglinge je 1000 Lebendgeborene;Anzahl;86;83;79;75;70;66;63;59;56;53;50;48;46;44;42
Cabo Verde;Ärztedichte je 10 000 Einwohner;Anzahl;-;5;-;3;3;3;5;6;6;5;6;.;8;...;...
Cabo Verde;Krankenhausbetten je 10 000 Einwohner;Anzahl;-;-;-;-;-;21;.;21;.;.;.;.;...;...;...
Cabo Verde;Gestorbene Säuglinge je 1000 Lebendgeborene;Anzahl;23;22;22;22;22;22;22;21;21;20;19;18;17;16;15
Cote d'Ivoire;Ärztedichte je 10 000 Einwohner;Anzahl;-;1;1;-;-;1;.;.;.;.;.;.;...;...;...
Cote d'Ivoire;Krankenhausbetten je 10 000 Einwohner;Anzahl;-;-;-;4;-;.;.;.;.;.;.;.;...;...;...
Cote d'Ivoire;Gestorbene Säuglinge je 1000 Lebendgeborene;Anzahl;93;90;88;86;83;81;79;77;75;73;71;70;68;66;64
Dschibuti;Ärztedichte je 10 000 Einwohner;Anzahl;-;2;2;2;-;.;.;.;.;.;.;2;...;...;...
Dschibuti;Krankenhausbetten je 10 000 Einwohner;Anzahl;16;16;16;16;-;.;.;14;14;14;14;14;...;...;...
Dschibuti;Gestorbene Säuglinge je 1000 Lebendgeborene;Anzahl;75;73;72;70;68;66;64;63;61;59;58;56;54;53;52
Eritrea;Ärztedichte je 10 000 Einwohner;Anzahl;-;1;-;-;-;.;.;.;.;.;.;.;...;...;...
Eritrea;Krankenhausbetten je 10 000 Einwohner;Anzahl;-;-;-;12;-;.;.;.;7;.;.;.;...;...;...
Eritrea;Gestorbene Säuglinge je 1000 Lebendgeborene;Anzahl;51;49;47;45;44;42;40;39;38;37;36;35;34;33;32
Gabun;Ärztedichte je 10 000 Einwohner;Anzahl;-;3;-;-;-;.;.;.;.;.;.;.;...;4;...
Gabun;Krankenhausbetten je 10 000 Einwohner;Anzahl;-;-;-;-;-;13;.;63;.;.;.;.;...;...;...
Gabun;Gestorbene Säuglinge je 1000 Lebendgeborene;Anzahl;51;50;49;48;47;45;44;43;42;40;39;38;37;36;35
Gambia;Ärztedichte je 10 000 Einwohner;Anzahl;1;1;1;1;1;1;.;.;.;.;.;.;1;...;...
Gambia;Krankenhausbetten je 10 000 Einwohner;Anzahl;-;-;-;-;-;.;11;.;11;.;.;.;...;...;...
Gambia;Gestorbene Säuglinge je 1000 Lebendgeborene;Anzahl;58;57;55;54;52;51;50;49;48;46;45;44;43;42;41
Ghana;Ärztedichte je 10 000 Einwohner;Anzahl;-;2;-;-;1;1;1;1;.;.;.;.;...;...;...
Ghana;Krankenhausbetten je 10 000 Einwohner;Anzahl;-;-;-;-;-;.;9;.;9;.;.;.;...;...;...
Ghana;Gestorbene Säuglinge je 1000 Lebendgeborene;Anzahl;59;58;56;55;54;53;51;49;47;45;43;41;39;37;36
Guinea;Ärztedichte je 10 000 Einwohner;Anzahl;-;1;1;-;-;.;.;.;.;.;.;.;...;1;...
Guinea;Krankenhausbetten je 10 000 Einwohner;Anzahl;-;-;3;-;-;.;.;.;3;.;.;.;...;...;...
Guinea;Gestorbene Säuglinge je 1000 Lebendgeborene;Anzahl;89;85;82;79;76;74;72;70;67;65;64;62;60;58;56
Guinea-Bissau;Ärztedichte je 10 000 Einwohner;Anzahl;-;1;-;-;-;0;1;.;.;.;.;.;...;...;...
Guinea-Bissau;Krankenhausbetten je 10 000 Einwohner;Anzahl;-;-;-;-;-;.;10;.;.;.;.;.;...;...;...
Guinea-Bissau;Gestorbene Säuglinge je 1000 Lebendgeborene;Anzahl;97;93;90;86;83;79;76;72;69;66;64;61;59;57;56
Kamerun;Ärztedichte je 10 000 Einwohner;Anzahl;-;2;1;-;1;.;1;1;.;.;.;.;...;...;...
Kamerun;Krankenhausbetten je 10 000 Einwohner;Anzahl;-;-;-;15;-;.;.;13;.;.;.;.;...;...;...
Kamerun;Gestorbene Säuglinge je 1000 Lebendgeborene;Anzahl;86;83;81;79;77;74;72;69;67;64;62;60;58;57;55
Kenia;Ärztedichte je 10 000 Einwohner;Anzahl;-;-;-;-;-;2;2;2;2;2;2;2;...;...;...
Kenia;Krankenhausbetten je 10 000 Einwohner;Anzahl;-;14;-;-;-;.;.;14;.;.;.;.;...;...;...
Kenia;Gestorbene Säuglinge je 1000 Lebendgeborene;Anzahl;56;54;50;48;46;43;41;40;39;38;37;36;35;34;34
Komoren;Ärztedichte je 10 000 Einwohner;Anzahl;-;2;-;-;-;.;.;.;.;.;.;.;...;...;...
Komoren;Krankenhausbetten je 10 000 Einwohner;Anzahl;-;-;-;22;-;.;.;22;.;.;.;.;...;...;...
Komoren;Gestorbene Säuglinge je 1000 Lebendgeborene;Anzahl;72;71;70;69;68;66;64;63;61;60;58;56;55;54;52
Kongo, Demokratische Republik;Ärztedichte je 10 000 Einwohner;Anzahl;-;1;-;-;-;.;1;.;.;.;.;.;...;...;...
Kongo, Demokratische Republik;Krankenhausbetten je 10 000 Einwohner;Anzahl;-;-;-;8;-;.;.;.;.;.;.;.;...;...;...
Kongo, Demokratische Republik;Gestorbene Säuglinge je 1000 Lebendgeborene;Anzahl;101;99;96;94;92;89;87;85;82;80;78;76;74;72;70
Kongo, Republik;Ärztedichte je 10 000 Einwohner;Anzahl;-;2;-;2;1;.;.;.;.;.;.;.;...;...;...
Kongo, Republik;Krankenhausbetten je 10 000 Einwohner;Anzahl;-;-;16;-;-;.;.;.;.;.;.;.;...;...;...
Kongo, Republik;Gestorbene Säuglinge je 1000 Lebendgeborene;Anzahl;66;62;58;54;51;48;46;44;42;40;39;38;37;36;35
Lesotho;Ärztedichte je 10 000 Einwohner;Anzahl;0;-;-;-;-;.;.;.;.;.;.;.;...;...;...
Lesotho;Krankenhausbetten je 10 000 Einwohner;Anzahl;-;-;-;13;-;.;.;.;.;.;.;.;...;...;...
Lesotho;Gestorbene Säuglinge je 1000 Lebendgeborene;Anzahl;86;86;86;84;82;82;79;74;73;73;72;71;70;68;66
Liberia;Ärztedichte je 10 000 Einwohner;Anzahl;-;0;-;-;-;0;.;0;.;.;.;.;...;...;...
Liberia;Krankenhausbetten je 10 000 Einwohner;Anzahl;-;-;-;-;-;.;7;8;.;.;.;.;...;...;...
Liberia;Gestorbene Säuglinge je 1000 Lebendgeborene;Anzahl;103;96;90;85;80;76;73;70;68;65;63;61;59;58;56
Libyen;Ärztedichte je 10 000 Einwohner;Anzahl;-;12;-;-;-;18;19;.;.;.;.;21;...;...;...
Libyen;Krankenhausbetten je 10 000 Einwohner;Anzahl;39;39;34;37;37;37;37;37;37;37;37;37;...;...;...
Libyen;Gestorbene Säuglinge je 1000 Lebendgeborene;Anzahl;22;21;20;19;17;16;15;14;14;13;12;12;11;11;11
Madagaskar;Ärztedichte je 10 000 Einwohner;Anzahl;1;2;2;2;2;2;2;2;1;1;.;.;...;...;...
Madagaskar;Krankenhausbetten je 10 000 Einwohner;Anzahl;-;-;3;-;-;.;.;2;.;.;.;.;...;...;...
Madagaskar;Gestorbene Säuglinge je 1000 Lebendgeborene;Anzahl;59;57;54;52;49;47;45;43;41;39;37;36;35;34;33
Malawi;Ärztedichte je 10 000 Einwohner;Anzahl;-;0;-;-;-;0;0;.;.;.;.;.;...;...;...
Malawi;Krankenhausbetten je 10 000 Einwohner;Anzahl;-;-;-;-;11;.;.;.;13;.;.;.;...;...;...
Malawi;Gestorbene Säuglinge je 1000 Lebendgeborene;Anzahl;80;74;69;66;63;60;58;56;53;49;46;44;42;40;38
Mali;Ärztedichte je 10 000 Einwohner;Anzahl;-;1;-;-;1;0;1;1;.;.;.;.;...;...;...
Mali;Krankenhausbetten je 10 000 Einwohner;Anzahl;-;-;-;-;-;6;.;1;.;.;.;.;...;...;...
Mali;Gestorbene Säuglinge je 1000 Lebendgeborene;Anzahl;103;99;95;91;87;84;82;79;77;75;73;71;69;67;66
Marokko;Ärztedichte je 10 000 Einwohner;Anzahl;-;5;-;-;6;.;7;.;.;.;.;6;...;...;...
Marokko;Krankenhausbetten je 10 000 Einwohner;Anzahl;8;9;9;9;9;11;11;11;9;9;9;11;...;...;...
Marokko;Gestorbene Säuglinge je 1000 Lebendgeborene;Anzahl;37;36;34;33;31;30;29;28;26;25;24;23;22;21;20
Mauretanien;Ärztedichte je 10 000 Einwohner;Anzahl;-;1;-;-;-;.;1;.;.;.;.;.;...;...;...
Mauretanien;Krankenhausbetten je 10 000 Einwohner;Anzahl;-;-;-;4;-;.;.;.;.;.;.;.;...;...;...
Mauretanien;Gestorbene Säuglinge je 1000 Lebendgeborene;Anzahl;69;69;68;67;66;65;64;62;61;60;58;57;56;54;53
Mauritius;Ärztedichte je 10 000 Einwohner;Anzahl;-;11;-;-;12;12;12;12;12;14;16;19;20;...;...
Mauritius;Krankenhausbetten je 10 000 Einwohner;Anzahl;-;-;-;-;-;33;.;.;34;.;.;.;...;...;...
Mauritius;Gestorbene Säuglinge je 1000 Lebendgeborene;Anzahl;14;14;14;14;14;14;14;13;13;13;13;13;13;12;12
Mosambik;Ärztedichte je 10 000 Einwohner;Anzahl;-;0;-;0;-;0;0;0;1;1;1;.;...;...;...
Mosambik;Krankenhausbetten je 10 000 Einwohner;Anzahl;-;-;-;-;8;.;.;.;7;.;.;.;...;...;...
Mosambik;Gestorbene Säuglinge je 1000 Lebendgeborene;Anzahl;97;93;89;85;80;76;73;71;67;64;61;59;57;55;53
Namibia;Ärztedichte je 10 000 Einwohner;Anzahl;-;3;-;-;4;.;.;.;.;.;.;.;...;...;...
Namibia;Krankenhausbetten je 10 000 Einwohner;Anzahl;-;-;-;-;-;.;27;.;.;.;.;.;...;...;...
Namibia;Gestorbene Säuglinge je 1000 Lebendgeborene;Anzahl;47;46;43;41;40;39;40;38;38;38;37;36;35;33;32
Niger;Ärztedichte je 10 000 Einwohner;Anzahl;-;0;-;-;-;0;.;.;.;.;.;.;...;...;...
Niger;Krankenhausbetten je 10 000 Einwohner;Anzahl;-;-;3;-;-;.;.;.;.;.;.;.;3;...;...
Niger;Gestorbene Säuglinge je 1000 Lebendgeborene;Anzahl;86;82;78;74;71;68;65;62;60;58;56;54;52;50;48
Nigeria;Ärztedichte je 10 000 Einwohner;Anzahl;3;-;3;3;4;4;4;.;.;.;.;.;...;...;...
Nigeria;Krankenhausbetten je 10 000 Einwohner;Anzahl;-;5;-;-;-;.;.;.;.;.;.;.;...;...;...
Nigeria;Gestorbene Säuglinge je 1000 Lebendgeborene;Anzahl;102;99;96;93;90;87;84;81;78;76;73;71;69;67;65
Ruanda;Ärztedichte je 10 000 Einwohner;Anzahl;-;0;-;-;-;1;1;1;.;.;.;.;1;...;...
Ruanda;Krankenhausbetten je 10 000 Einwohner;Anzahl;-;-;-;16;-;.;.;.;.;.;.;.;...;...;...
Ruanda;Gestorbene Säuglinge je 1000 Lebendgeborene;Anzahl;85;77;69;63;57;52;48;44;40;38;35;33;31;30;29
Sambia;Ärztedichte je 10 000 Einwohner;Anzahl;-;1;1;1;-;1;1;1;2;2;.;.;...;1;...
Sambia;Krankenhausbetten je 10 000 Einwohner;Anzahl;-;-;-;-;-;19;.;20;.;.;.;.;...;...;...
Sambia;Gestorbene Säuglinge je 1000 Lebendgeborene;Anzahl;79;73;67;63;61;58;56;53;52;50;48;46;44;43;42
Sao Tome und Principe;Ärztedichte je 10 000 Einwohner;Anzahl;-;5;-;-;-;.;.;.;.;.;.;.;...;...;...
Sao Tome und Principe;Krankenhausbetten je 10 000 Einwohner;Anzahl;-;-;-;32;-;.;.;.;29;.;.;.;...;...;...
Sao Tome und Principe;Gestorbene Säuglinge je 1000 Lebendgeborene;Anzahl;48;45;43;41;39;37;35;34;32;30;29;28;27;26;25
Senegal;Ärztedichte je 10 000 Einwohner;Anzahl;-;1;-;-;-;1;.;.;.;.;.;.;...;1;...
Senegal;Krankenhausbetten je 10 000 Einwohner;Anzahl;-;-;-;-;-;3;.;.;.;.;.;.;...;...;...
Senegal;Gestorbene Säuglinge je 1000 Lebendgeborene;Anzahl;60;57;54;51;49;47;45;43;41;39;38;36;35;34;33
Seychellen;Ärztedichte je 10 000 Einwohner;Anzahl;-;14;12;8;10;8;11;11;11;10;.;.;...;...;...
Seychellen;Krankenhausbetten je 10 000 Einwohner;Anzahl;-;-;-;-;-;.;39;.;36;.;.;.;...;...;...
Seychellen;Gestorbene Säuglinge je 1000 Lebendgeborene;Anzahl;12;12;12;12;12;12;12;12;12;12;12;12;12;12;12
Sierra Leone;Ärztedichte je 10 000 Einwohner;Anzahl;-;0;-;-;-;0;.;0;.;.;.;.;...;...;...
Sierra Leone;Krankenhausbetten je 10 000 Einwohner;Anzahl;-;-;-;4;-;.;.;.;.;.;.;.;...;...;...
Sierra Leone;Gestorbene Säuglinge je 1000 Lebendgeborene;Anzahl;134;131;128;124;121;117;113;108;104;100;96;92;88;85;82
Simbabwe;Ärztedichte je 10 000 Einwohner;Anzahl;-;2;-;-;0;1;1;1;1;1;1;1;...;...;...
Simbabwe;Krankenhausbetten je 10 000 Einwohner;Anzahl;-;-;-;30;-;.;.;.;17;.;.;.;...;...;...
Simbabwe;Gestorbene Säuglinge je 1000 Lebendgeborene;Anzahl;58;58;59;60;60;59;58;55;52;48;45;42;40;38;36
Somalia;Ärztedichte je 10 000 Einwohner;Anzahl;-;-;-;0;-;.;.;.;.;.;.;0;...;...;...
Somalia;Krankenhausbetten je 10 000 Einwohner;Anzahl;4;4;-;-;-;.;.;.;.;.;9;9;...;...;...
Somalia;Gestorbene Säuglinge je 1000 Lebendgeborene;Anzahl;105;105;105;104;103;101;99;97;94;92;89;87;84;82;80
Südafrika;Ärztedichte je 10 000 Einwohner;Anzahl;-;7;-;-;-;.;.;7;7;7;7;8;8;8;...
Südafrika;Krankenhausbetten je 10 000 Einwohner;Anzahl;-;-;28;-;-;.;.;.;.;.;.;.;...;...;...
Südafrika;Gestorbene Säuglinge je 1000 Lebendgeborene;Anzahl;54;53;52;50;47;45;40;38;37;36;34;32;32;30;29
Südsudan (ab 09.07.2011);Ärztedichte je 10 000 Einwohner;Anzahl;-;-;-;-;-;.;.;.;.;.;.;.;...;...;...
Südsudan (ab 09.07.2011);Krankenhausbetten je 10 000 Einwohner;Anzahl;-;-;-;-;-;.;.;.;.;.;.;.;...;...;...
Südsudan (ab 09.07.2011);Gestorbene Säuglinge je 1000 Lebendgeborene;Anzahl;95;91;87;83;79;75;72;68;66;64;63;62;62;62;62
Sudan (einschließlich Südsudan) (bis 08.07.2011);Ärztedichte je 10 000 Einwohner;Anzahl;-;2;-;3;3;3;.;.;.;.;.;31;...;...;...
Sudan (einschließlich Südsudan) (bis 08.07.2011);Krankenhausbetten je 10 000 Einwohner;Anzahl;7;7;7;7;7;7;7;7;8;8;8;.;...;...;...
Sudan (einschließlich Südsudan) (bis 08.07.2011);Gestorbene Säuglinge je 1000 Lebendgeborene;Anzahl;62;60;58;57;55;54;52;51;50;49;48;47;46;45;44
Eswatini;Ärztedichte je 10 000 Einwohner;Anzahl;1;2;-;-;-;.;1;.;.;.;.;.;...;...;...
Eswatini;Krankenhausbetten je 10 000 Einwohner;Anzahl;-;-;-;21;-;.;.;.;21;.;.;.;...;...;...
Eswatini;Gestorbene Säuglinge je 1000 Lebendgeborene;Anzahl;83;82;80;73;71;69;65;61;56;51;49;46;42;41;41
Tansania;Ärztedichte je 10 000 Einwohner;Anzahl;-;-;-;0;-;.;.;.;.;0;.;0;...;...;...
Tansania;Krankenhausbetten je 10 000 Einwohner;Anzahl;-;-;-;11;-;.;.;7;.;.;.;.;...;...;...
Tansania;Gestorbene Säuglinge je 1000 Lebendgeborene;Anzahl;66;63;59;57;54;52;50;48;46;45;44;42;41;40;38
Togo;Ärztedichte je 10 000 Einwohner;Anzahl;-;0;-;-;0;1;.;.;.;.;.;.;...;...;...
Togo;Krankenhausbetten je 10 000 Einwohner;Anzahl;-;-;9;-;-;.;.;.;7;.;.;.;...;...;...
Togo;Gestorbene Säuglinge je 1000 Lebendgeborene;Anzahl;71;69;67;65;64;62;61;59;58;56;55;53;52;50;49
Tschad;Ärztedichte je 10 000 Einwohner;Anzahl;-;0;-;0;-;.;.;.;.;0;0;.;...;...;...
Tschad;Krankenhausbetten je 10 000 Einwohner;Anzahl;-;-;4;-;-;.;.;.;.;.;.;.;...;...;...
Tschad;Gestorbene Säuglinge je 1000 Lebendgeborene;Anzahl;97;95;94;92;90;89;87;85;83;82;80;78;77;75;73
Tunesien;Ärztedichte je 10 000 Einwohner;Anzahl;8;13;9;-;10;11;12;12;.;.;.;13;13;...;...
Tunesien;Krankenhausbetten je 10 000 Einwohner;Anzahl;17;21;18;20;18;20;21;21;21;21;21;22;23;...;...
Tunesien;Gestorbene Säuglinge je 1000 Lebendgeborene;Anzahl;22;21;20;18;18;17;16;15;14;14;13;12;12;12;11
Uganda;Ärztedichte je 10 000 Einwohner;Anzahl;-;1;1;-;-;.;.;.;.;.;.;.;1;...;...
Uganda;Krankenhausbetten je 10 000 Einwohner;Anzahl;-;-;-;-;-;.;4;5;.;.;.;.;...;...;...
Uganda;Gestorbene Säuglinge je 1000 Lebendgeborene;Anzahl;77;72;68;64;60;57;54;51;48;45;43;41;39;37;35
Zentralafrikanische Republik;Ärztedichte je 10 000 Einwohner;Anzahl;-;1;-;-;-;0;0;.;.;.;.;.;...;...;...
Zentralafrikanische Republik;Krankenhausbetten je 10 000 Einwohner;Anzahl;-;-;-;12;-;.;.;.;10;.;.;.;...;...;...
Zentralafrikanische Republik;Gestorbene Säuglinge je 1000 Lebendgeborene;Anzahl;111;110;109;108;107;105;104;102;100;98;96;94;92;89;88
Antigua und Barbuda;Ärztedichte je 10 000 Einwohner;Anzahl;-;-;-;-;-;.;.;.;.;.;.;.;...;...;...
Antigua und Barbuda;Krankenhausbetten je 10 000 Einwohner;Anzahl;-;-;-;-;-;.;22;22;21;.;39;38;...;...;...
Antigua und Barbuda;Gestorbene Säuglinge je 1000 Lebendgeborene;Anzahl;11;11;10;10;9;9;8;8;7;7;7;6;6;6;5
Argentinien;Ärztedichte je 10 000 Einwohner;Anzahl;-;32;-;-;-;.;.;.;.;.;39;.;...;...;...
Argentinien;Krankenhausbetten je 10 000 Einwohner;Anzahl;-;-;-;-;-;.;.;45;45;47;49;50;...;...;...
Argentinien;Gestorbene Säuglinge je 1000 Lebendgeborene;Anzahl;16;15;15;14;14;14;13;13;12;12;11;11;10;10;9
Bahamas;Ärztedichte je 10 000 Einwohner;Anzahl;-;-;-;-;-;27;.;.;23;.;.;.;...;...;...
Bahamas;Krankenhausbetten je 10 000 Einwohner;Anzahl;-;-;-;-;-;32;32;31;29;29;29;.;...;...;...
Bahamas;Gestorbene Säuglinge je 1000 Lebendgeborene;Anzahl;13;13;12;12;11;11;10;9;9;8;8;7;6;6;6
Barbados;Ärztedichte je 10 000 Einwohner;Anzahl;-;-;18;-;-;.;.;.;.;.;.;.;...;...;...
Barbados;Krankenhausbetten je 10 000 Einwohner;Anzahl;-;-;-;-;-;76;68;66;.;62;62;58;...;...;...
Barbados;Gestorbene Säuglinge je 1000 Lebendgeborene;Anzahl;14;14;14;14;14;14;14;13;13;13;13;12;12;12;12
Belize;Ärztedichte je 10 000 Einwohner;Anzahl;-;-;-;-;-;.;8;.;.;.;.;.;...;...;...
Belize;Krankenhausbetten je 10 000 Einwohner;Anzahl;-;-;-;-;-;.;11;12;11;11;9;13;...;...;...
Belize;Gestorbene Säuglinge je 1000 Lebendgeborene;Anzahl;18;18;18;18;17;17;17;16;16;15;15;14;13;13;12
Bolivien, Plurinationaler Staat;Ärztedichte je 10 000 Einwohner;Anzahl;-;-;-;-;3;.;.;4;5;.;.;.;...;...;...
Bolivien, Plurinationaler Staat;Krankenhausbetten je 10 000 Einwohner;Anzahl;-;-;-;-;-;.;11;.;11;11;11;11;...;...;...
Bolivien, Plurinationaler Staat;Gestorbene Säuglinge je 1000 Lebendgeborene;Anzahl;51;48;46;44;42;40;38;36;35;33;32;31;30;29;28
Brasilien;Ärztedichte je 10 000 Einwohner;Anzahl;15;16;16;17;17;18;18;18;18;.;19;.;...;...;...
Brasilien;Krankenhausbetten je 10 000 Einwohner;Anzahl;-;-;24;-;-;.;24;24;23;23;23;22;...;...;...
Brasilien;Gestorbene Säuglinge je 1000 Lebendgeborene;Anzahl;25;24;22;21;20;18;18;17;16;15;15;14;14;15;13
Chile;Ärztedichte je 10 000 Einwohner;Anzahl;10;10;10;10;10;10;10;.;.;.;.;.;...;...;...
Chile;Krankenhausbetten je 10 000 Einwohner;Anzahl;-;-;-;-;-;.;21;20;21;22;22;.;...;...;...
Chile;Gestorbene Säuglinge je 1000 Lebendgeborene;Anzahl;8;8;8;8;8;8;8;8;7;7;7;7;7;7;6
Costa Rica;Ärztedichte je 10 000 Einwohner;Anzahl;-;-;-;-;-;.;.;.;.;.;12;.;...;...;...
Costa Rica;Krankenhausbetten je 10 000 Einwohner;Anzahl;-;-;-;-;-;12;.;12;12;12;11;11;12;...;...
Costa Rica;Gestorbene Säuglinge je 1000 Lebendgeborene;Anzahl;10;9;9;9;9;9;9;9;9;8;8;8;8;8;8
Dominica;Ärztedichte je 10 000 Einwohner;Anzahl;-;-;-;-;-;.;.;.;.;.;.;.;...;...;...
Dominica;Krankenhausbetten je 10 000 Einwohner;Anzahl;-;-;-;-;-;.;38;38;.;.;.;.;...;...;...
Dominica;Gestorbene Säuglinge je 1000 Lebendgeborene;Anzahl;14;14;14;15;16;16;18;19;20;22;24;27;29;30;32
Dominikanische Republik;Ärztedichte je 10 000 Einwohner;Anzahl;-;-;-;-;-;11;.;.;15;.;.;.;...;...;...
Dominikanische Republik;Krankenhausbetten je 10 000 Einwohner;Anzahl;-;-;-;-;-;.;10;16;17;.;16;16;...;...;...
Dominikanische Republik;Gestorbene Säuglinge je 1000 Lebendgeborene;Anzahl;31;31;30;30;29;29;29;28;28;28;27;27;26;26;25
Ecuador;Ärztedichte je 10 000 Einwohner;Anzahl;15;-;-;-;-;.;16;.;17;.;.;.;...;...;...
Ecuador;Krankenhausbetten je 10 000 Einwohner;Anzahl;-;-;-;-;15;15;16;16;16;15;15;.;...;...;...
Ecuador;Gestorbene Säuglinge je 1000 Lebendgeborene;Anzahl;21;20;19;19;18;17;16;16;15;14;14;13;13;13;12
El Salvador;Ärztedichte je 10 000 Einwohner;Anzahl;-;-;17;-;-;19;.;.;.;.;.;.;...;...;...
El Salvador;Krankenhausbetten je 10 000 Einwohner;Anzahl;-;-;-;-;-;.;11;10;10;11;11;13;...;...;...
El Salvador;Gestorbene Säuglinge je 1000 Lebendgeborene;Anzahl;23;22;21;20;19;18;17;17;16;15;14;14;13;13;12
Grenada;Ärztedichte je 10 000 Einwohner;Anzahl;6;-;-;7;-;.;.;.;.;.;.;.;...;...;...
Grenada;Krankenhausbetten je 10 000 Einwohner;Anzahl;-;-;-;-;-;26;24;.;35;35;37;37;...;...;...
Grenada;Gestorbene Säuglinge je 1000 Lebendgeborene;Anzahl;12;12;12;12;12;12;12;13;13;13;14;14;15;15;15
Guatemala;Ärztedichte je 10 000 Einwohner;Anzahl;-;-;-;-;-;.;9;.;.;.;.;.;...;...;...
Guatemala;Krankenhausbetten je 10 000 Einwohner;Anzahl;-;-;-;-;-;.;6;6;6;6;.;6;...;...;...
Guatemala;Gestorbene Säuglinge je 1000 Lebendgeborene;Anzahl;37;36;34;33;32;31;30;29;28;27;26;26;25;24;23
Guyana;Ärztedichte je 10 000 Einwohner;Anzahl;-;-;-;-;-;.;2;2;.;.;.;.;...;...;...
Guyana;Krankenhausbetten je 10 000 Einwohner;Anzahl;-;-;-;25;19;.;20;.;.;.;.;16;...;...;...
Guyana;Gestorbene Säuglinge je 1000 Lebendgeborene;Anzahl;35;34;34;33;32;32;31;31;30;30;29;28;28;27;26
Haiti;Ärztedichte je 10 000 Einwohner;Anzahl;-;-;-;-;-;.;.;.;.;.;.;.;...;...;...
Haiti;Krankenhausbetten je 10 000 Einwohner;Anzahl;-;-;-;-;13;.;.;.;.;.;7;.;...;...;...
Haiti;Gestorbene Säuglinge je 1000 Lebendgeborene;Anzahl;69;67;66;65;64;62;61;87;60;59;58;57;56;55;54
Honduras;Ärztedichte je 10 000 Einwohner;Anzahl;-;-;4;-;-;.;.;.;.;.;.;.;...;...;...
Honduras;Krankenhausbetten je 10 000 Einwohner;Anzahl;-;-;-;-;-;.;8;8;7;7;7;7;...;...;...
Honduras;Gestorbene Säuglinge je 1000 Lebendgeborene;Anzahl;27;26;25;24;23;22;21;20;19;19;18;17;17;16;16
Jamaika;Ärztedichte je 10 000 Einwohner;Anzahl;8;-;-;-;-;4;.;.;.;4;5;4;4;5;...
Jamaika;Krankenhausbetten je 10 000 Einwohner;Anzahl;-;-;-;-;-;.;17;18;.;17;17;.;...;...;...
Jamaika;Gestorbene Säuglinge je 1000 Lebendgeborene;Anzahl;18;18;17;17;17;17;16;16;16;15;15;14;14;14;13
Kanada;Ärztedichte je 10 000 Einwohner;Anzahl;-;19;-;19;-;20;.;20;.;25;25;25;25;...;...
Kanada;Krankenhausbetten je 10 000 Einwohner;Anzahl;-;-;-;-;-;34;32;27;27;27;.;.;...;...;...
Kanada;Gestorbene Säuglinge je 1000 Lebendgeborene;Anzahl;5;5;5;5;5;5;5;5;5;5;5;5;5;5;4
Kolumbien;Ärztedichte je 10 000 Einwohner;Anzahl;-;-;15;15;15;15;15;16;17;17;18;18;...;...;...
Kolumbien;Krankenhausbetten je 10 000 Einwohner;Anzahl;-;-;-;-;10;.;.;.;14;15;15;15;...;...;...
Kolumbien;Gestorbene Säuglinge je 1000 Lebendgeborene;Anzahl;20;19;18;18;17;17;16;16;15;15;14;14;14;13;13
Kuba;Ärztedichte je 10 000 Einwohner;Anzahl;61;62;63;63;64;66;66;68;69;72;74;75;...;...;...
Kuba;Krankenhausbetten je 10 000 Einwohner;Anzahl;-;-;-;-;-;.;59;59;51;53;51;52;...;...;...
Kuba;Gestorbene Säuglinge je 1000 Lebendgeborene;Anzahl;6;6;6;5;5;5;5;5;4;4;4;4;4;4;4
Mexiko;Ärztedichte je 10 000 Einwohner;Anzahl;-;29;17;19;19;19;20;19;20;20;21;21;22;...;...
Mexiko;Krankenhausbetten je 10 000 Einwohner;Anzahl;-;-;-;-;-;16;16;17;15;15;16;.;15;...;...
Mexiko;Gestorbene Säuglinge je 1000 Lebendgeborene;Anzahl;19;18;18;17;16;16;15;15;14;14;14;13;13;12;12
Nicaragua;Ärztedichte je 10 000 Einwohner;Anzahl;4;-;5;5;5;7;7;7;8;9;9;9;...;...;...
Nicaragua;Krankenhausbetten je 10 000 Einwohner;Anzahl;-;-;-;-;-;9;.;8;11;9;9;9;...;...;...
Nicaragua;Gestorbene Säuglinge je 1000 Lebendgeborene;Anzahl;27;26;24;23;22;21;20;19;18;18;17;16;16;15;15
Panama;Ärztedichte je 10 000 Einwohner;Anzahl;13;13;14;14;13;14;13;14;15;16;16;.;...;...;...
Panama;Krankenhausbetten je 10 000 Einwohner;Anzahl;-;-;22;23;23;23;23;24;22;23;23;.;...;...;...
Panama;Gestorbene Säuglinge je 1000 Lebendgeborene;Anzahl;21;20;20;19;19;18;18;17;17;16;16;15;15;14;14
Paraguay;Ärztedichte je 10 000 Einwohner;Anzahl;-;-;-;-;-;.;.;.;.;13;.;.;...;...;...
Paraguay;Krankenhausbetten je 10 000 Einwohner;Anzahl;-;-;-;-;-;.;13;13;13;.;.;.;...;...;...
Paraguay;Gestorbene Säuglinge je 1000 Lebendgeborene;Anzahl;26;26;25;24;24;23;23;22;21;21;20;20;19;18;18
Peru;Ärztedichte je 10 000 Einwohner;Anzahl;-;-;-;-;-;.;9;.;.;11;.;.;...;...;...
Peru;Krankenhausbetten je 10 000 Einwohner;Anzahl;-;-;-;-;-;.;16;15;15;15;15;16;...;...;...
Peru;Gestorbene Säuglinge je 1000 Lebendgeborene;Anzahl;24;22;21;20;18;18;17;16;15;14;14;13;13;12;12
St. Kitts und Nevis;Ärztedichte je 10 000 Einwohner;Anzahl;-;-;-;-;-;.;.;.;.;.;.;.;...;...;...
St. Kitts und Nevis;Krankenhausbetten je 10 000 Einwohner;Anzahl;-;-;-;-;-;.;60;48;.;.;.;.;...;...;...
St. Kitts und Nevis;Gestorbene Säuglinge je 1000 Lebendgeborene;Anzahl;16;15;14;13;13;12;12;12;12;12;12;12;12;12;12
St. Lucia;Ärztedichte je 10 000 Einwohner;Anzahl;5;4;5;-;2;2;1;.;.;.;.;.;...;...;...
St. Lucia;Krankenhausbetten je 10 000 Einwohner;Anzahl;-;-;-;-;-;.;15;.;16;.;13;.;...;...;...
St. Lucia;Gestorbene Säuglinge je 1000 Lebendgeborene;Anzahl;16;16;16;16;16;16;16;16;16;16;16;16;16;15;15
St. Vincent und die Grenadinen;Ärztedichte je 10 000 Einwohner;Anzahl;-;-;-;-;-;.;.;.;.;.;.;.;...;...;...
St. Vincent und die Grenadinen;Krankenhausbetten je 10 000 Einwohner;Anzahl;-;-;-;-;30;.;.;26;27;.;25;26;...;...;...
St. Vincent und die Grenadinen;Gestorbene Säuglinge je 1000 Lebendgeborene;Anzahl;20;20;20;20;20;20;19;19;18;18;17;16;16;15;15
Suriname;Ärztedichte je 10 000 Einwohner;Anzahl;-;8;-;-;-;.;.;.;.;.;.;.;...;...;...
Suriname;Krankenhausbetten je 10 000 Einwohner;Anzahl;-;-;-;-;31;.;26;31;.;.;.;.;...;...;...
Suriname;Gestorbene Säuglinge je 1000 Lebendgeborene;Anzahl;27;26;26;25;24;23;22;22;21;20;20;19;19;18;18
Trinidad und Tobago;Ärztedichte je 10 000 Einwohner;Anzahl;8;-;-;12;12;.;15;18;18;.;.;.;...;...;...
Trinidad und Tobago;Krankenhausbetten je 10 000 Einwohner;Anzahl;-;-;-;-;27;25;26;21;.;27;27;30;...;...;...
Trinidad und Tobago;Gestorbene Säuglinge je 1000 Lebendgeborene;Anzahl;29;29;29;29;29;28;28;28;27;26;26;25;24;24;23
Uruguay;Ärztedichte je 10 000 Einwohner;Anzahl;-;-;-;-;-;39;.;.;.;.;.;.;...;...;...
Uruguay;Krankenhausbetten je 10 000 Einwohner;Anzahl;-;-;-;-;29;.;.;12;30;25;25;28;...;...;...
Uruguay;Gestorbene Säuglinge je 1000 Lebendgeborene;Anzahl;14;13;12;12;11;10;10;9;9;8;8;8;8;7;7
Venezuela, Bolivarische Republik;Ärztedichte je 10 000 Einwohner;Anzahl;-;-;-;-;-;.;.;.;.;.;.;.;...;...;...
Venezuela, Bolivarische Republik;Krankenhausbetten je 10 000 Einwohner;Anzahl;-;-;-;-;13;.;11;.;9;.;.;8;...;...;...
Venezuela, Bolivarische Republik;Gestorbene Säuglinge je 1000 Lebendgeborene;Anzahl;17;16;16;15;15;15;14;14;14;15;15;17;19;22;26
Vereinigte Staaten;Ärztedichte je 10 000 Einwohner;Anzahl;-;27;24;24;24;24;24;24;25;25;26;26;...;...;...
Vereinigte Staaten;Krankenhausbetten je 10 000 Einwohner;Anzahl;-;-;-;-;-;31;31;30;29;29;29;.;...;...;...
Vereinigte Staaten;Gestorbene Säuglinge je 1000 Lebendgeborene;Anzahl;7;7;7;7;6;6;6;6;6;6;6;6;6;6;6
Afghanistan;Ärztedichte je 10 000 Einwohner;Anzahl;-;-;-;2;2;2;2;2;3;3;3;3;3;3;...
Afghanistan;Krankenhausbetten je 10 000 Einwohner;Anzahl;4;4;4;4;4;4;4;4;4;5;5;5;5;...;...
Afghanistan;Gestorbene Säuglinge je 1000 Lebendgeborene;Anzahl;83;81;78;76;73;71;68;66;63;61;59;57;55;53;52
Armenien;Ärztedichte je 10 000 Einwohner;Anzahl;-;-;-;-;-;.;27;28;28;28;28;28;...;...;...
Armenien;Krankenhausbetten je 10 000 Einwohner;Anzahl;44;44;45;44;41;38;37;37;37;40;41;.;42;...;...
Armenien;Gestorbene Säuglinge je 1000 Lebendgeborene;Anzahl;23;22;21;20;19;18;17;16;15;14;14;13;12;12;11
Aserbaidschan;Ärztedichte je 10 000 Einwohner;Anzahl;-;-;-;-;-;.;38;36;34;35;34;34;...;...;...
Aserbaidschan;Krankenhausbetten je 10 000 Einwohner;Anzahl;83;82;82;79;79;77;75;51;46;46;47;.;...;...;...
Aserbaidschan;Gestorbene Säuglinge je 1000 Lebendgeborene;Anzahl;50;47;44;42;39;37;35;33;31;29;27;25;23;22;20
Bahrain;Ärztedichte je 10 000 Einwohner;Anzahl;11;10;11;10;10;10;10;9;9;9;9;9;9;...;...
Bahrain;Krankenhausbetten je 10 000 Einwohner;Anzahl;28;28;28;27;27;20;19;18;17;21;21;20;...;...;...
Bahrain;Gestorbene Säuglinge je 1000 Lebendgeborene;Anzahl;10;9;9;9;8;8;8;7;7;7;7;7;6;6;6
Bangladesch;Ärztedichte je 10 000 Einwohner;Anzahl;3;3;3;3;3;3;3;4;4;4;.;5;5;...;...
Bangladesch;Krankenhausbetten je 10 000 Einwohner;Anzahl;-;-;3;-;-;.;.;.;.;.;.;6;8;...;...
Bangladesch;Gestorbene Säuglinge je 1000 Lebendgeborene;Anzahl;56;53;50;48;46;43;41;39;37;35;33;32;30;28;27
Bhutan;Ärztedichte je 10 000 Einwohner;Anzahl;-;2;-;-;2;2;.;.;.;3;3;3;3;4;...
Bhutan;Krankenhausbetten je 10 000 Einwohner;Anzahl;-;-;-;17;-;.;.;.;18;17;.;.;...;...;...
Bhutan;Gestorbene Säuglinge je 1000 Lebendgeborene;Anzahl;50;47;45;42;40;38;36;34;32;31;30;29;28;26;26
Brunei Darussalam;Ärztedichte je 10 000 Einwohner;Anzahl;-;13;11;11;10;15;12;14;15;15;.;.;17;...;...
Brunei Darussalam;Krankenhausbetten je 10 000 Einwohner;Anzahl;-;-;-;-;-;27;26;.;.;27;.;.;27;...;...
Brunei Darussalam;Gestorbene Säuglinge je 1000 Lebendgeborene;Anzahl;10;10;10;9;9;9;9;9;9;9;9;9;9;9;9
China;Ärztedichte je 10 000 Einwohner;Anzahl;-;-;-;-;-;.;14;15;15;16;17;17;18;...;...
China;Krankenhausbetten je 10 000 Einwohner;Anzahl;-;-;-;-;-;.;42;.;.;42;.;.;...;...;...
China;Gestorbene Säuglinge je 1000 Lebendgeborene;Anzahl;24;22;20;19;17;16;15;14;13;12;11;10;9;9;8
Georgien;Ärztedichte je 10 000 Einwohner;Anzahl;-;-;-;-;-;47;48;43;44;44;45;48;...;...;...
Georgien;Krankenhausbetten je 10 000 Einwohner;Anzahl;42;41;39;37;33;32;31;30;28;25;26;.;...;...;...
Georgien;Gestorbene Säuglinge je 1000 Lebendgeborene;Anzahl;25;24;22;20;19;17;16;15;14;13;12;12;11;10;10
Indien;Ärztedichte je 10 000 Einwohner;Anzahl;6;6;6;6;6;6;6;7;7;7;.;7;...;8;...
Indien;Krankenhausbetten je 10 000 Einwohner;Anzahl;-;-;9;-;-;.;.;.;7;.;.;.;...;...;...
Indien;Gestorbene Säuglinge je 1000 Lebendgeborene;Anzahl;60;58;56;54;52;50;47;45;43;41;39;37;35;34;32
Indonesien;Ärztedichte je 10 000 Einwohner;Anzahl;1;-;-;-;-;.;1;1;.;2;.;.;...;...;...
Indonesien;Krankenhausbetten je 10 000 Einwohner;Anzahl;-;-;-;-;-;.;.;6;.;.;.;.;12;...;...
Indonesien;Gestorbene Säuglinge je 1000 Lebendgeborene;Anzahl;36;36;34;32;31;30;29;28;26;25;24;24;23;22;21
Irak;Ärztedichte je 10 000 Einwohner;Anzahl;-;-;-;-;-;.;.;6;.;.;.;9;...;...;...
Irak;Krankenhausbetten je 10 000 Einwohner;Anzahl;13;13;13;13;13;13;13;13;13;13;13;14;...;...;...
Irak;Gestorbene Säuglinge je 1000 Lebendgeborene;Anzahl;34;34;33;33;32;31;31;30;30;29;28;27;27;26;25
Iran, Islamische Republik;Ärztedichte je 10 000 Einwohner;Anzahl;-;9;9;-;-;.;.;.;.;.;.;15;...;...;...
Iran, Islamische Republik;Krankenhausbetten je 10 000 Einwohner;Anzahl;16;16;17;17;17;14;14;17;17;1;15;15;...;...;...
Iran, Islamische Republik;Gestorbene Säuglinge je 1000 Lebendgeborene;Anzahl;24;23;22;21;20;19;18;17;16;15;15;14;14;13;13
Israel;Ärztedichte je 10 000 Einwohner;Anzahl;-;-;-;-;-;.;.;34;33;33;35;36;36;...;...
Israel;Krankenhausbetten je 10 000 Einwohner;Anzahl;38;37;37;34;33;32;32;32;31;31;31;.;...;...;...
Israel;Gestorbene Säuglinge je 1000 Lebendgeborene;Anzahl;5;5;4;4;4;4;4;4;4;3;3;3;3;3;3
Japan;Ärztedichte je 10 000 Einwohner;Anzahl;-;21;-;22;-;23;.;22;.;23;.;24;...;...;...
Japan;Krankenhausbetten je 10 000 Einwohner;Anzahl;-;-;-;-;-;138;137;.;.;134;.;.;...;...;...
Japan;Gestorbene Säuglinge je 1000 Lebendgeborene;Anzahl;3;3;3;3;3;2;2;2;2;2;2;2;2;2;2
Jemen;Ärztedichte je 10 000 Einwohner;Anzahl;-;3;-;-;-;3;3;2;.;.;.;3;...;...;...
Jemen;Krankenhausbetten je 10 000 Einwohner;Anzahl;6;6;6;7;7;7;7;7;7;7;7;7;...;...;...
Jemen;Gestorbene Säuglinge je 1000 Lebendgeborene;Anzahl;60;57;55;52;50;47;45;44;43;43;43;43;43;43;43
Jordanien;Ärztedichte je 10 000 Einwohner;Anzahl;25;22;24;25;27;24;23;25;.;.;26;26;34;...;...
Jordanien;Krankenhausbetten je 10 000 Einwohner;Anzahl;17;17;17;19;19;18;18;18;18;18;18;19;14;...;...
Jordanien;Gestorbene Säuglinge je 1000 Lebendgeborene;Anzahl;22;21;21;20;20;19;18;18;18;17;16;16;16;15;15
Kambodscha;Ärztedichte je 10 000 Einwohner;Anzahl;-;-;-;-;-;2;2;2;2;2;2;1;...;...;...
Kambodscha;Krankenhausbetten je 10 000 Einwohner;Anzahl;-;-;-;-;-;.;.;.;.;.;7;.;8;...;...
Kambodscha;Gestorbene Säuglinge je 1000 Lebendgeborene;Anzahl;62;57;53;50;47;44;41;38;35;33;31;29;28;26;25
Kasachstan;Ärztedichte je 10 000 Einwohner;Anzahl;-;-;-;-;-;.;37;35;35;35;35;33;...;...;...
Kasachstan;Krankenhausbetten je 10 000 Einwohner;Anzahl;77;78;78;78;77;77;76;73;71;70;67;.;...;...;...
Kasachstan;Gestorbene Säuglinge je 1000 Lebendgeborene;Anzahl;31;30;28;26;24;22;20;18;16;15;13;12;11;10;9
Katar;Ärztedichte je 10 000 Einwohner;Anzahl;-;-;26;23;-;33;32;39;.;.;.;20;...;...;...
Katar;Krankenhausbetten je 10 000 Einwohner;Anzahl;24;24;24;25;25;25;14;12;12;12;14;12;...;...;...
Katar;Gestorbene Säuglinge je 1000 Lebendgeborene;Anzahl;10;9;9;9;8;8;8;8;8;7;7;7;7;7;6
Kirgisistan;Ärztedichte je 10 000 Einwohner;Anzahl;-;-;-;-;-;25;24;19;19;19;19;19;...;...;...
Kirgisistan;Krankenhausbetten je 10 000 Einwohner;Anzahl;53;51;51;51;51;50;48;48;47;46;45;.;...;...;...
Kirgisistan;Gestorbene Säuglinge je 1000 Lebendgeborene;Anzahl;37;36;34;33;31;30;28;26;25;23;22;21;20;19;18
Korea, Demokratische Volksrepublik;Ärztedichte je 10 000 Einwohner;Anzahl;32;-;-;-;-;33;.;.;28;35;.;35;...;...;...
Korea, Demokratische Volksrepublik;Krankenhausbetten je 10 000 Einwohner;Anzahl;-;-;-;-;-;.;.;143;.;.;.;.;...;...;...
Korea, Demokratische Volksrepublik;Gestorbene Säuglinge je 1000 Lebendgeborene;Anzahl;30;28;26;26;26;25;24;23;22;20;18;17;16;15;14
Korea, Republik;Ärztedichte je 10 000 Einwohner;Anzahl;16;17;18;18;19;20;20;20;21;21;22;22;23;23;...
Korea, Republik;Krankenhausbetten je 10 000 Einwohner;Anzahl;-;-;-;-;-;123;103;.;.;103;.;.;115;...;...
Korea, Republik;Gestorbene Säuglinge je 1000 Lebendgeborene;Anzahl;5;5;5;4;4;4;4;4;3;3;3;3;3;3;3
Kuwait;Ärztedichte je 10 000 Einwohner;Anzahl;-;-;-;14;19;18;19;24;24;24;25;26;26;...;...
Kuwait;Krankenhausbetten je 10 000 Einwohner;Anzahl;22;21;19;19;19;18;18;20;19;22;22;20;...;...;...
Kuwait;Gestorbene Säuglinge je 1000 Lebendgeborene;Anzahl;10;10;10;10;10;10;10;9;9;8;8;8;8;7;7
Laos, Demokratische Volksrepublik;Ärztedichte je 10 000 Einwohner;Anzahl;-;4;3;-;-;.;2;.;.;2;4;5;...;...;...
Laos, Demokratische Volksrepublik;Krankenhausbetten je 10 000 Einwohner;Anzahl;-;-;12;-;-;.;.;7;.;15;.;.;...;...;...
Laos, Demokratische Volksrepublik;Gestorbene Säuglinge je 1000 Lebendgeborene;Anzahl;74;71;69;67;65;63;61;60;58;56;54;53;52;50;49
Libanon;Ärztedichte je 10 000 Einwohner;Anzahl;-;-;-;29;27;.;35;27;30;.;.;24;...;...;...
Libanon;Krankenhausbetten je 10 000 Einwohner;Anzahl;30;30;36;36;34;34;35;35;35;35;29;29;...;...;...
Libanon;Gestorbene Säuglinge je 1000 Lebendgeborene;Anzahl;14;13;12;11;10;10;9;9;8;8;8;7;7;7;7
Malaysia;Ärztedichte je 10 000 Einwohner;Anzahl;-;-;-;-;-;9;.;12;13;.;.;.;15;...;...
Malaysia;Krankenhausbetten je 10 000 Einwohner;Anzahl;-;-;-;-;-;.;18;18;.;19;.;.;19;...;...
Malaysia;Gestorbene Säuglinge je 1000 Lebendgeborene;Anzahl;7;7;7;7;7;7;7;7;6;6;6;6;6;7;7
Malediven;Ärztedichte je 10 000 Einwohner;Anzahl;-;10;-;-;17;.;16;16;.;.;.;22;36;...;...
Malediven;Krankenhausbetten je 10 000 Einwohner;Anzahl;-;-;26;-;-;.;43;.;.;.;.;.;...;...;...
Malediven;Gestorbene Säuglinge je 1000 Lebendgeborene;Anzahl;25;22;19;17;15;14;12;11;10;9;9;8;8;7;7
Mongolei;Ärztedichte je 10 000 Einwohner;Anzahl;-;-;-;-;-;29;27;28;29;31;31;32;33;...;...
Mongolei;Krankenhausbetten je 10 000 Einwohner;Anzahl;-;-;-;-;-;.;59;58;.;70;.;.;...;...;...
Mongolei;Gestorbene Säuglinge je 1000 Lebendgeborene;Anzahl;39;36;34;31;29;26;24;22;20;19;18;17;16;15;15
Myanmar;Ärztedichte je 10 000 Einwohner;Anzahl;-;4;4;4;4;5;5;5;5;6;.;.;...;...;...
Myanmar;Krankenhausbetten je 10 000 Einwohner;Anzahl;-;-;-;6;-;.;.;.;.;9;.;.;...;...;...
Myanmar;Gestorbene Säuglinge je 1000 Lebendgeborene;Anzahl;61;59;58;56;54;57;51;49;47;46;44;42;41;40;38
Nepal;Ärztedichte je 10 000 Einwohner;Anzahl;-;2;-;-;-;.;.;.;.;5;5;6;...;...;...
Nepal;Krankenhausbetten je 10 000 Einwohner;Anzahl;-;-;-;50;-;.;.;.;.;3;.;.;...;...;...
Nepal;Gestorbene Säuglinge je 1000 Lebendgeborene;Anzahl;52;50;47;45;43;41;39;38;36;34;33;31;30;29;28
Oman;Ärztedichte je 10 000 Einwohner;Anzahl;-;16;17;18;19;20;20;20;20;20;.;15;...;19;...
Oman;Krankenhausbetten je 10 000 Einwohner;Anzahl;20;22;21;21;20;20;19;18;18;17;17;16;...;...;...
Oman;Gestorbene Säuglinge je 1000 Lebendgeborene;Anzahl;12;11;11;11;10;10;10;10;10;10;10;10;10;10;10
Pakistan;Ärztedichte je 10 000 Einwohner;Anzahl;-;8;8;-;8;8;8;9;9;.;.;8;10;...;...
Pakistan;Krankenhausbetten je 10 000 Einwohner;Anzahl;7;7;7;13;10;6;6;6;6;6;6;6;...;...;...
Pakistan;Gestorbene Säuglinge je 1000 Lebendgeborene;Anzahl;83;81;80;78;77;76;74;73;71;70;68;66;65;63;61
Philippinen;Ärztedichte je 10 000 Einwohner;Anzahl;-;11;-;-;-;.;.;.;.;.;.;.;...;...;...
Philippinen;Krankenhausbetten je 10 000 Einwohner;Anzahl;-;-;-;5;-;.;5;5;.;.;.;.;...;...;...
Philippinen;Gestorbene Säuglinge je 1000 Lebendgeborene;Anzahl;28;27;26;26;26;25;25;24;24;24;24;23;23;23;22
Saudi-Arabien;Ärztedichte je 10 000 Einwohner;Anzahl;-;-;-;-;-;20;20;24;24;24;.;26;...;...;...
Saudi-Arabien;Krankenhausbetten je 10 000 Einwohner;Anzahl;22;22;23;23;22;22;22;22;21;21;22;27;...;...;...
Saudi-Arabien;Gestorbene Säuglinge je 1000 Lebendgeborene;Anzahl;16;15;14;13;13;12;11;10;10;9;8;8;7;7;6
Singapur;Ärztedichte je 10 000 Einwohner;Anzahl;15;15;15;15;16;16;17;17;17;18;19;.;...;23;...
Singapur;Krankenhausbetten je 10 000 Einwohner;Anzahl;-;-;-;-;-;31;.;.;.;.;21;.;24;...;...
Singapur;Gestorbene Säuglinge je 1000 Lebendgeborene;Anzahl;2;2;2;2;2;2;2;2;2;2;2;2;2;2;2
Sri Lanka;Ärztedichte je 10 000 Einwohner;Anzahl;-;5;5;5;6;6;7;7;.;.;.;.;9;...;...
Sri Lanka;Krankenhausbetten je 10 000 Einwohner;Anzahl;-;31;-;-;-;.;.;35;.;.;.;.;...;...;...
Sri Lanka;Gestorbene Säuglinge je 1000 Lebendgeborene;Anzahl;13;16;12;12;11;11;10;10;10;9;9;8;8;8;8
Syrien;Ärztedichte je 10 000 Einwohner;Anzahl;14;15;16;-;15;15;15;15;.;.;.;15;...;...;...
Syrien;Krankenhausbetten je 10 000 Einwohner;Anzahl;15;15;13;15;15;15;15;15;16;15;15;15;...;...;...
Syrien;Gestorbene Säuglinge je 1000 Lebendgeborene;Anzahl;18;17;16;15;15;14;14;14;14;14;14;14;14;14;14
Tadschikistan;Ärztedichte je 10 000 Einwohner;Anzahl;19;20;20;19;19;19;.;17;17;17;17;17;...;...;...
Tadschikistan;Krankenhausbetten je 10 000 Einwohner;Anzahl;61;60;59;61;54;53;52;50;49;48;48;.;...;...;...
Tadschikistan;Gestorbene Säuglinge je 1000 Lebendgeborene;Anzahl;56;52;48;46;43;40;39;37;36;34;33;32;31;30;29
Thailand;Ärztedichte je 10 000 Einwohner;Anzahl;-;3;-;3;3;3;3;4;.;.;.;.;5;...;...
Thailand;Krankenhausbetten je 10 000 Einwohner;Anzahl;-;-;21;-;-;.;.;21;.;.;.;.;...;...;...
Thailand;Gestorbene Säuglinge je 1000 Lebendgeborene;Anzahl;16;15;15;14;13;13;12;11;11;10;10;9;9;8;8
Timor-Leste;Ärztedichte je 10 000 Einwohner;Anzahl;-;1;-;-;0;0;0;1;1;.;.;.;...;...;...
Timor-Leste;Krankenhausbetten je 10 000 Einwohner;Anzahl;-;-;-;-;-;.;59;59;.;.;.;.;...;...;...
Timor-Leste;Gestorbene Säuglinge je 1000 Lebendgeborene;Anzahl;74;70;66;63;60;57;54;52;50;48;46;45;44;42;41
Turkmenistan;Ärztedichte je 10 000 Einwohner;Anzahl;-;-;-;-;-;.;.;23;23;23;23;23;...;...;...
Turkmenistan;Krankenhausbetten je 10 000 Einwohner;Anzahl;83;81;84;82;78;77;76;76;75;74;74;.;...;...;...
Turkmenistan;Gestorbene Säuglinge je 1000 Lebendgeborene;Anzahl;61;59;58;56;54;53;51;50;48;47;46;44;43;42;41
Usbekistan;Ärztedichte je 10 000 Einwohner;Anzahl;-;-;-;-;-;.;26;26;26;25;25;25;...;...;...
Usbekistan;Krankenhausbetten je 10 000 Einwohner;Anzahl;55;53;52;51;48;47;46;44;43;42;40;.;...;...;...
Usbekistan;Gestorbene Säuglinge je 1000 Lebendgeborene;Anzahl;46;44;42;40;38;36;34;32;30;28;26;24;23;21;20
Vereinigte Arabische Emirate;Ärztedichte je 10 000 Einwohner;Anzahl;-;-;16;-;15;19;16;15;.;.;.;16;...;...;...
Vereinigte Arabische Emirate;Krankenhausbetten je 10 000 Einwohner;Anzahl;22;22;22;19;19;19;19;19;11;11;12;.;...;...;...
Vereinigte Arabische Emirate;Gestorbene Säuglinge je 1000 Lebendgeborene;Anzahl;9;9;8;8;8;8;7;7;7;7;7;7;8;8;8
Vietnam;Ärztedichte je 10 000 Einwohner;Anzahl;-;-;6;6;6;7;7;7;12;8;12;8;8;8;...
Vietnam;Krankenhausbetten je 10 000 Einwohner;Anzahl;-;-;-;-;-;29;31;.;.;25;.;26;...;...;...
Vietnam;Gestorbene Säuglinge je 1000 Lebendgeborene;Anzahl;21;20;20;19;19;19;18;18;18;18;18;18;17;17;17
Australien;Ärztedichte je 10 000 Einwohner;Anzahl;-;-;-;27;-;.;29;39;33;33;34;34;35;...;...
Australien;Krankenhausbetten je 10 000 Einwohner;Anzahl;-;-;-;-;-;.;38;.;38;.;.;38;...;...;...
Australien;Gestorbene Säuglinge je 1000 Lebendgeborene;Anzahl;5;5;5;5;4;4;4;4;4;4;4;3;3;3;3
Fidschi;Ärztedichte je 10 000 Einwohner;Anzahl;5;-;-;-;-;4;4;.;.;.;.;.;8;...;...
Fidschi;Krankenhausbetten je 10 000 Einwohner;Anzahl;-;-;-;-;-;21;21;.;23;.;.;.;...;...;...
Fidschi;Gestorbene Säuglinge je 1000 Lebendgeborene;Anzahl;19;19;20;20;20;20;20;20;20;20;20;21;21;21;21
Kiribati;Ärztedichte je 10 000 Einwohner;Anzahl;-;-;-;-;-;3;3;4;.;.;2;.;...;...;...
Kiribati;Krankenhausbetten je 10 000 Einwohner;Anzahl;-;-;-;-;-;.;15;14;.;.;.;.;19;...;...
Kiribati;Gestorbene Säuglinge je 1000 Lebendgeborene;Anzahl;51;50;50;50;51;50;50;50;49;48;47;46;45;44;43
Marshallinseln;Ärztedichte je 10 000 Einwohner;Anzahl;-;-;-;-;6;5;.;4;.;5;.;.;...;...;...
Marshallinseln;Krankenhausbetten je 10 000 Einwohner;Anzahl;-;-;-;-;-;.;27;27;.;.;.;.;...;...;...
Marshallinseln;Gestorbene Säuglinge je 1000 Lebendgeborene;Anzahl;33;32;32;32;32;32;32;32;31;31;31;30;29;29;28
Mikronesien, Föderierte Staaten von;Ärztedichte je 10 000 Einwohner;Anzahl;6;-;6;-;-;6;2;.;.;.;.;.;...;...;...
Mikronesien, Föderierte Staaten von;Krankenhausbetten je 10 000 Einwohner;Anzahl;-;-;-;-;-;.;32;.;.;.;.;.;...;...;...
Mikronesien, Föderierte Staaten von;Gestorbene Säuglinge je 1000 Lebendgeborene;Anzahl;39;38;37;36;35;34;33;33;32;31;30;29;28;27;27
Nauru;Ärztedichte je 10 000 Einwohner;Anzahl;-;10;-;-;-;10;10;10;14;.;.;.;...;...;...
Nauru;Krankenhausbetten je 10 000 Einwohner;Anzahl;-;-;-;-;35;.;.;50;.;.;.;.;...;...;...
Nauru;Gestorbene Säuglinge je 1000 Lebendgeborene;Anzahl;32;31;31;31;32;32;32;32;31;31;30;29;29;28;27
Neuseeland;Ärztedichte je 10 000 Einwohner;Anzahl;-;-;-;-;23;25;27;26;26;27;28;29;31;...;...
Neuseeland;Krankenhausbetten je 10 000 Einwohner;Anzahl;-;-;-;-;-;.;.;.;23;.;28;.;...;...;...
Neuseeland;Gestorbene Säuglinge je 1000 Lebendgeborene;Anzahl;6;6;5;5;5;5;5;5;5;5;5;5;5;4;4
Palau;Ärztedichte je 10 000 Einwohner;Anzahl;-;-;-;13;-;.;14;14;.;.;.;12;...;...;...
Palau;Krankenhausbetten je 10 000 Einwohner;Anzahl;-;-;-;-;-;.;49;48;.;.;.;.;...;...;...
Palau;Gestorbene Säuglinge je 1000 Lebendgeborene;Anzahl;20;20;19;19;18;18;17;16;16;15;15;14;14;14;13
Papua-Neuguinea;Ärztedichte je 10 000 Einwohner;Anzahl;-;-;-;-;-;1;.;1;.;.;.;.;...;...;...
Papua-Neuguinea;Krankenhausbetten je 10 000 Einwohner;Anzahl;-;-;-;-;-;.;.;.;.;.;.;.;...;...;...
Papua-Neuguinea;Gestorbene Säuglinge je 1000 Lebendgeborene;Anzahl;56;56;56;55;54;53;52;51;49;48;47;46;44;43;42
Salomonen;Ärztedichte je 10 000 Einwohner;Anzahl;1;-;2;-;-;2;2;.;2;2;2;.;...;...;...
Salomonen;Krankenhausbetten je 10 000 Einwohner;Anzahl;-;-;-;-;-;.;.;.;.;14;.;.;...;...;...
Salomonen;Gestorbene Säuglinge je 1000 Lebendgeborene;Anzahl;24;24;24;24;23;23;22;22;21;20;20;19;19;18;18
Samoa;Ärztedichte je 10 000 Einwohner;Anzahl;3;-;3;-;-;5;.;3;.;.;.;.;...;...;...
Samoa;Krankenhausbetten je 10 000 Einwohner;Anzahl;-;-;10;-;-;.;.;.;.;.;.;.;...;...;...
Samoa;Gestorbene Säuglinge je 1000 Lebendgeborene;Anzahl;17;17;17;16;16;16;17;16;16;16;16;15;15;14;14
Tonga;Ärztedichte je 10 000 Einwohner;Anzahl;-;-;-;-;6;6;6;6;.;.;.;.;...;...;...
Tonga;Krankenhausbetten je 10 000 Einwohner;Anzahl;-;-;-;-;-;24;.;26;.;.;.;.;...;...;...
Tonga;Gestorbene Säuglinge je 1000 Lebendgeborene;Anzahl;14;14;14;14;14;14;15;15;15;15;15;15;14;14;14
Tuvalu;Ärztedichte je 10 000 Einwohner;Anzahl;10;-;-;-;-;10;12;.;.;.;.;.;...;...;...
Tuvalu;Krankenhausbetten je 10 000 Einwohner;Anzahl;-;-;-;-;-;.;.;.;.;.;.;.;...;...;...
Tuvalu;Gestorbene Säuglinge je 1000 Lebendgeborene;Anzahl;31;30;30;29;28;27;27;26;25;24;24;23;22;22;21
Vanuatu;Ärztedichte je 10 000 Einwohner;Anzahl;-;1;-;-;1;1;.;.;.;2;.;.;...;...;...
Vanuatu;Krankenhausbetten je 10 000 Einwohner;Anzahl;-;-;-;-;-;17;.;.;.;.;.;.;...;...;...
Vanuatu;Gestorbene Säuglinge je 1000 Lebendgeborene;Anzahl;24;24;24;24;24;24;24;24;24;24;24;24;24;23;23
__________
"Quellen:
- Weltgesundheitsorganisation (WHO):
Ärztedichte je 10 000 Einwohner
Krankenhausbetten je 10 000 Einwohner

- Institutionsübergreifende Arbeitsgruppe der Vereinten
  Nationen zur Kindersterblichkeit (UN IGME):
Gestorbene Säuglinge je 1000 Lebendgeborene"
© Statistisches Bundesamt (Destatis), 2020
Stand: 13.07.2020 / 18:05:25
